signature,process,context,centre,prob,n_sites,cpg,rate,rate_norm
SBS6,MMR,ACA,C,0.0641219795810062,118871421,False,5.394230088408399e-10,0.2287061655353486
SBS14,POLE+MMR,ACA,C,0.0124674581701275,118871421,False,1.0488188048267296e-10,0.4309681241980805
SBS15,MMR,ACA,C,0.0050608607079877,118871421,False,4.2574242533768483e-11,0.020912269222243304
SBS20,POLD1+MMR,ACA,C,0.0497179471174202,118871421,False,4.182497920792938e-10,1.0166038654286653
SBS21,MMR,ACA,C,0.0021799814550634,118871421,False,1.833898708978502e-11,0.18393433002737994
SBS26,MMR,ACA,C,0.0026718054166621,118871421,False,2.2476432048895084e-11,0.21770595023452885
SBS44,MMR,ACA,C,0.0904287951911728,118871421,False,7.607278051397469e-10,1.203556631434284
SBS10a,POLE,ACA,C,0.0010377503581365,118871421,False,8.730023999094788e-12,0.06196471524927337
SBS10b,POLE,ACA,C,0.0005457257250016,118871421,False,4.590890900526881e-12,0.0019922945911149885
SBS10c,POLD1,ACA,C,0.0048796370924737,118871421,False,4.104970775501792e-11,0.17734020545929624
SBS10d,POLD1,ACA,C,0.001369357152098,118871421,False,1.1519649892113262e-11,0.18413967951787263
SBS1,CpG deamination (control),ACA,C,0.0247184825041428,118871421,False,2.0794302193243571e-10,0.054952758775420295
SBS5,clock-like (control),ACA,C,0.0327413973951681,118871421,False,2.754354000291466e-10,0.690037034673319
SBS6,MMR,ACC,C,0.0225602639107525,67491078,False,3.342703151185776e-10,0.14172491860765157
SBS14,POLE+MMR,ACC,C,0.0100008607944648,67491078,False,1.4818048682619648e-10,0.6088855973629732
SBS15,MMR,ACC,C,0.00681978818711,67491078,False,1.0104725526994842e-10,0.04963394016224345
SBS20,POLD1+MMR,ACC,C,0.0129112840030174,67491078,False,1.913035676066309e-10,0.4649851595439037
SBS21,MMR,ACC,C,0.0038782782394278,67491078,False,5.746356932434536e-11,0.5763417070369543
SBS26,MMR,ACC,C,0.0025125617382763,67491078,False,3.7228057585275197e-11,0.36058968942922226
SBS44,MMR,ACC,C,0.0167414689875656,67491078,False,2.480545500779466e-10,0.3924500940897207
SBS10a,POLE,ACC,C,0.0008195688224801,67491078,False,1.214336541609396e-11,0.08619222355564642
SBS10b,POLE,ACC,C,0.0051395071881822,67491078,False,7.61509126907441e-11,0.03304697383351614
SBS10c,POLD1,ACC,C,0.0051831365082516,67491078,False,7.679735843383033e-11,0.33177481809774556
SBS10d,POLD1,ACC,C,0.0019356873211758,67491078,False,2.8680640145884173e-11,0.45845524250231423
SBS1,CpG deamination (control),ACC,C,0.0061540171082148,67491078,False,9.118267614890964e-11,0.024096695144386126
SBS5,clock-like (control),ACC,C,0.0177048583101019,67491078,False,2.6232887123394145e-10,0.6572017845066854
SBS6,MMR,ACG,C,0.1232789628536694,15195784,True,8.112708291567543e-09,3.4396500984604765
SBS14,POLE+MMR,ACG,C,0.0273628250797411,15195784,True,1.8006853137515709e-09,7.399161498317644
SBS15,MMR,ACG,C,0.0766740022847405,15195784,True,5.04574178500698e-09,2.478444814380318
SBS20,POLD1+MMR,ACG,C,0.0137745285848424,15195784,True,9.064704121118331e-10,2.2032798157970115
SBS21,MMR,ACG,C,0.0076345540151243,15195784,True,5.024126438704512e-10,5.039042374323378
SBS26,MMR,ACG,C,0.0054980576524572,15195784,True,3.618146752057808e-10,3.504524539442822
SBS44,MMR,ACG,C,0.0147720894499844,15195784,True,9.721176248612378e-10,1.537999013616911
SBS10a,POLE,ACG,C,0.0057078627583157,15195784,True,3.75621472265972e-10,2.66611839473605
SBS10b,POLE,ACG,C,0.0004226309477762,15195784,True,2.781238189330672e-11,0.012069652538617318
SBS10c,POLD1,ACG,C,0.0134057017989286,15195784,True,8.82198759796046e-10,3.8112161541282283
SBS10d,POLD1,ACG,C,0.0007226577538042,15195784,True,4.755646393790541e-11,0.7601821331848398
SBS1,CpG deamination (control),ACG,C,0.3706239575062596,15195784,True,2.4389920092721745e-08,6.445483877995191
SBS5,clock-like (control),ACG,C,0.006374217978591,15195784,True,4.1947279446660994e-10,1.0508880237951996
SBS6,MMR,ACT,C,0.0212983223537664,94805425,False,2.246529916802377e-10,0.09524904103301159
SBS14,POLE+MMR,ACT,C,0.0161807635453976,94805425,False,1.7067339285064753e-10,0.701310766253064
SBS15,MMR,ACT,C,0.0017830758806792,94805425,False,1.880774101987518e-11,0.009238274606010809
SBS20,POLD1+MMR,ACT,C,0.013104683632983,94805425,False,1.3822714926896853e-10,0.3359768657754112
SBS21,MMR,ACT,C,4.187612078974746e-05,94805425,False,4.4170595500993174e-13,0.004430173188196962
SBS26,MMR,ACT,C,0.0028012016449052,94805425,False,2.9546849717779334e-11,0.2861897733702884
SBS44,MMR,ACT,C,0.0304653795731252,94805425,False,3.2134637414604915e-10,0.508405972514429
SBS10a,POLE,ACT,C,0.0029822738686716,94805425,False,3.1456784974821856e-11,0.22327667413337812
SBS10b,POLE,ACT,C,0.0078793869374216,94805425,False,8.311113986801494e-11,0.03606748189146559
SBS10c,POLD1,ACT,C,0.0061695110453557,94805425,False,6.507550644233386e-11,0.28113485610480454
SBS10d,POLD1,ACT,C,0.0025093305616477,94805425,False,2.646821699968857e-11,0.4230900280284527
SBS1,CpG deamination (control),ACT,C,0.0094681302675427,94805425,False,9.986907677005509e-11,0.02639223588205783
SBS5,clock-like (control),ACT,C,0.0220861088135625,94805425,False,2.3296249991561663e-10,0.5836314163496942
SBS6,MMR,ATA,T,0.0021906919877008,120430661,False,1.8190483797982308e-11,0.9462592492514305
SBS14,POLE+MMR,ATA,T,0.0125535566475578,120430661,False,1.0423887524421874e-10,1.438505725119304
SBS15,MMR,ATA,T,0.0038629818662534,120430661,False,3.2076398436884774e-11,0.6767057080002837
SBS20,POLD1+MMR,ATA,T,0.0106927654802286,120430661,False,8.878773388305657e-11,1.017277648479633
SBS21,MMR,ATA,T,0.0166245361909178,120430661,False,1.3804238931245093e-10,0.22121335264376557
SBS26,MMR,ATA,T,0.0844032415833355,120430661,False,7.008451243436711e-10,1.3263089091412743
SBS44,MMR,ATA,T,0.0192373107797679,120430661,False,1.5973765003056738e-10,1.0755094381616945
SBS10a,POLE,ATA,T,0.0007366408746772,120430661,False,6.116722008834611e-12,0.2574861269687715
SBS10b,POLE,ATA,T,0.00920987930019,120430661,False,7.647453915568893e-11,1.867514547351386
SBS10c,POLD1,ATA,T,0.0181037727505452,120430661,False,1.5032527929532163e-10,1.1297921556656234
SBS10d,POLD1,ATA,T,0.0051729574839858,120430661,False,4.295382455789892e-11,1.0448167195004594
SBS1,CpG deamination (control),ATA,T,0.0010679429339569,120430661,False,8.867699679543401e-12,0.612800318985578
SBS5,clock-like (control),ATA,T,0.0459792194076382,120430661,False,3.817899779495373e-10,2.132254490071969
SBS6,MMR,ATC,T,0.0011285553077877,78557232,False,1.4366026896004939e-11,0.7473130443538472
SBS14,POLE+MMR,ATC,T,0.0063240049286214,78557232,False,8.050188082774351e-11,1.1109330965272823
SBS15,MMR,ATC,T,0.0019610313422421,78557232,False,2.4963091141527237e-11,0.5266384970881848
SBS20,POLD1+MMR,ATC,T,0.0045811350754868,78557232,False,5.83158922336622e-11,0.668149204017159
SBS21,MMR,ATC,T,0.0100297141531024,78557232,False,1.2767397600137437e-10,0.2045979384832066
SBS26,MMR,ATC,T,0.0261733451924455,78557232,False,3.3317550181052077e-10,0.6305153892205985
SBS44,MMR,ATC,T,0.0032537748262133,78557232,False,4.141916337140418e-11,0.27887414844391345
SBS10a,POLE,ATC,T,0.0036063133140138,78557232,False,4.590682770001112e-11,1.932468281021432
SBS10b,POLE,ATC,T,0.0005061369816921,78557232,False,6.442907531315513e-12,0.1573363327822872
SBS10c,POLD1,ATC,T,0.0090882498056008,78557232,False,1.1568953709571639e-10,0.8694820466393457
SBS10d,POLD1,ATC,T,0.0032261508221165,78557232,False,4.1067521601531225e-11,0.9989339398611389
SBS1,CpG deamination (control),ATC,T,0.0030008941641676,78557232,False,3.820010058612554e-11,2.6398090452319227
SBS5,clock-like (control),ATC,T,0.0134363056163385,78557232,False,1.710384298715935e-10,0.9552305747448622
SBS6,MMR,ATG,T,0.0042042685746151,107320485,False,3.917489354073549e-11,2.037857033548104
SBS14,POLE+MMR,ATG,T,0.0123581537415434,107320485,False,1.1515186258749576e-10,1.5891059185181595
SBS15,MMR,ATG,T,0.0002384070855751,107320485,False,2.221449945693965e-12,0.046865232119059005
SBS20,POLD1+MMR,ATG,T,0.0185932321621455,107320485,False,1.732496099150642e-10,1.9849921612656771
SBS21,MMR,ATG,T,0.0038636742821355,107320485,False,3.600127489300388e-11,0.057692153534848224
SBS26,MMR,ATG,T,0.0781571303982519,107320485,False,7.282591985887121e-10,1.3781884609054509
SBS44,MMR,ATG,T,0.0271201213158322,107320485,False,2.5270218743264345e-10,1.701437247736555
SBS10a,POLE,ATG,T,0.0021166490859125,107320485,False,1.9722694003036795e-11,0.8302355550730199
SBS10b,POLE,ATG,T,0.000523206198463,107320485,False,4.875175493877054e-12,0.1190521872537377
SBS10c,POLD1,ATG,T,0.0168378672457893,107320485,False,1.5689332046709723e-10,1.1791552530019198
SBS10d,POLD1,ATG,T,0.0084898869172906,107320485,False,7.910779491250528e-11,1.9242325361735348
SBS1,CpG deamination (control),ATG,T,0.0001038876764618,107320485,False,9.680134828108539e-13,0.06689434605202772
SBS5,clock-like (control),ATG,T,0.038029328529077,107320485,False,3.5435293205278563e-10,1.9790216456116254
SBS6,MMR,ATT,T,0.0004980540869771,145782642,False,3.416415563226656e-12,0.17772011244408698
SBS14,POLE+MMR,ATT,T,0.0059532584727781,145782642,False,4.0836538500777757e-11,0.5635478538097686
SBS15,MMR,ATT,T,0.0009233639311288,145782642,False,6.333840013194438e-12,0.13362303436038545
SBS20,POLD1+MMR,ATT,T,0.00010302128064,145782642,False,7.066772780808843e-13,0.008096692732657923
SBS21,MMR,ATT,T,0.0255068743573311,145782642,False,1.7496509877582753e-10,0.2803821079063096
SBS26,MMR,ATT,T,0.0370587196632686,145782642,False,2.542052960136955e-10,0.481068836955381
SBS44,MMR,ATT,T,0.0002663686234754,145782642,False,1.8271628214516788e-12,0.012302239698364062
SBS10a,POLE,ATT,T,0.0033252396279246,145782642,False,2.2809571717904523e-11,0.9601790421367614
SBS10b,POLE,ATT,T,0.0001478829433925,145782642,False,1.0144070745576143e-12,0.02477190434342854
SBS10c,POLD1,ATT,T,0.0127069377509636,145782642,False,8.716358529819757e-11,0.6550909826425969
SBS10d,POLD1,ATT,T,0.0056408289303143,145782642,False,3.869341955206368e-11,0.9411858454687422
SBS1,CpG deamination (control),ATT,T,0.0056288272759837,145782642,False,3.861109387758043e-11,2.66821064082108
SBS5,clock-like (control),ATT,T,0.0381507079354381,145782642,False,2.616958192830536e-10,1.4615419940989307
SBS6,MMR,CCA,C,0.0134520571612054,107505509,False,1.2512900302816481e-10,0.05305256544641841
SBS14,POLE+MMR,CCA,C,0.002714061882628,107505509,False,2.5245793521409216e-11,0.10373700612291405
SBS15,MMR,CCA,C,0.0107018214612666,107505509,False,9.95467261242082e-11,0.04889688724940178
SBS20,POLD1+MMR,CCA,C,0.0105699520734338,107505509,False,9.832009700483163e-11,0.23897821961256036
SBS21,MMR,CCA,C,0.0013409972254722,107505509,False,1.2473753558733441e-11,0.12510786405593013
SBS26,MMR,CCA,C,0.0016784591290122,107505509,False,1.5612773192973766e-11,0.1512247858725257
SBS44,MMR,CCA,C,0.0035507171590158,107505509,False,3.302823447880983e-11,0.05225436793944406
SBS10a,POLE,CCA,C,3.6305669223358e-05,107505509,False,3.3770984911441147e-13,0.00239702601498225
SBS10b,POLE,CCA,C,0.0001484159254219,107505509,False,1.3805425117507233e-12,0.0005991097237029977
SBS10c,POLD1,CCA,C,0.0037285880877084,107505509,False,3.468276298015947e-11,0.149834155933685
SBS10d,POLD1,CCA,C,0.0008984610257015,107505509,False,8.35734869830252e-12,0.1335908231011545
SBS1,CpG deamination (control),CCA,C,0.0019552965337031,107505509,False,1.818787289963996e-11,0.004806479115306236
SBS5,clock-like (control),CCA,C,0.0192655871222166,107505509,False,1.7920558026674334e-10,0.44895640571651096
SBS6,MMR,CCC,C,0.0145408660826173,76081689,False,1.911217570711042e-10,0.08103236883432192
SBS14,POLE+MMR,CCC,C,0.0013627460375626,76081689,False,1.7911616520009168e-11,0.0736002800241456
SBS15,MMR,CCC,C,0.0109253581629769,76081689,False,1.436003630647172e-10,0.07053582809933405
SBS20,POLD1+MMR,CCC,C,0.0128762470563657,76081689,False,1.692423922971229e-10,0.4113629545356264
SBS21,MMR,CCC,C,0.0050912272440013,76081689,False,6.691790509542053e-11,0.671165750883696
SBS26,MMR,CCC,C,0.0027918321413531,76081689,False,3.6695191419227034e-11,0.3554283660138785
SBS44,MMR,CCC,C,0.0028254835680011,76081689,False,3.713749793332138e-11,0.05875568318988294
SBS10a,POLE,CCC,C,2.1852959528295767e-16,76081689,False,2.8723021025855205e-24,2.0387272923311068e-14
SBS10b,POLE,CCC,C,8.240062893698756e-05,76081689,False,1.0830546747849874e-12,0.0004700098558666018
SBS10c,POLD1,CCC,C,0.0065421102215351,76081689,False,8.598797302640192e-11,0.3714794973580898
SBS10d,POLD1,CCC,C,0.0021657907125419,76081689,False,2.8466648690487142e-11,0.4550346248285645
SBS1,CpG deamination (control),CCC,C,0.0002621955339814,76081689,False,3.4462370305869527e-12,0.0009107313650866267
SBS5,clock-like (control),CCC,C,0.0187418686897249,76081689,False,2.46338756881763e-10,0.6171424054635526
SBS6,MMR,CCG,C,0.121782249235255,16220793,True,7.507786409410132e-09,3.1831735265509007
SBS14,POLE+MMR,CCG,C,0.0116382990421709,16220793,True,7.174926060748633e-10,2.948235111184532
SBS15,MMR,CCG,C,0.0248004741629008,16220793,True,1.5289310555224273e-09,0.7510037983640782
SBS20,POLD1+MMR,CCG,C,0.0166044880107433,16220793,True,1.0236545161967914e-09,2.4881091580599684
SBS21,MMR,CCG,C,0.0062353200228594,16220793,True,3.8440290945451313e-10,3.8554414845776694
SBS26,MMR,CCG,C,0.0033476878647129,16220793,True,2.0638250329147903e-10,1.9990138511802171
SBS44,MMR,CCG,C,0.0155580090830084,16220793,True,9.591398572812315e-10,1.5174667310756411
SBS10a,POLE,CCG,C,2.2202703773498958e-16,16220793,True,1.3687804149586866e-23,9.715447364233112e-14
SBS10b,POLE,CCG,C,0.0036701118802545,16220793,True,2.2625970754046983e-10,0.09818921888742839
SBS10c,POLD1,CCG,C,0.0094758580305756,16220793,True,5.841797025938004e-10,2.5237341298847915
SBS10d,POLD1,CCG,C,0.0005913152950093,16220793,True,3.645415455392964e-11,0.5827135719854916
SBS1,CpG deamination (control),CCG,C,0.1933807012477383,16220793,True,1.1921778500455452e-08,3.1505487033000072
SBS5,clock-like (control),CCG,C,0.0175385200543738,16220793,True,1.0812369071212363e-09,2.7087785705480742
SBS6,MMR,CCT,C,0.0136502914919877,103481956,False,1.3190987124352096e-10,0.055927538043281086
SBS14,POLE+MMR,CCT,C,0.0013521004088691,103481956,False,1.3066049977535213e-11,0.05368945544818871
SBS15,MMR,CCT,C,0.0154586496166563,103481956,False,1.4938497699692012e-10,0.07337720346381689
SBS20,POLD1+MMR,CCT,C,0.011667185221129,103481956,False,1.1274608320245706e-10,0.2740422258807242
SBS21,MMR,CCT,C,0.0003228425200439,103481956,False,3.1197953007759146e-12,0.031290575409719266
SBS26,MMR,CCT,C,0.0016387818622272,103481956,False,1.5836402070204393e-11,0.15339084751039883
SBS44,MMR,CCT,C,0.005012928373125,103481956,False,4.8442535944382424e-11,0.07664152011460226
SBS10a,POLE,CCT,C,0.0001016273536994,103481956,False,9.82078012705906e-13,0.006970677791516231
SBS10b,POLE,CCT,C,0.0005848351541748,103481956,False,5.651566483482396e-12,0.002452592662368977
SBS10c,POLD1,CCT,C,0.009752328600535,103481956,False,9.424182705374259e-11,0.4071372461970132
SBS10d,POLD1,CCT,C,0.0025153205397734,103481956,False,2.4306851522727307e-11,0.38854096186966947
SBS1,CpG deamination (control),CCT,C,0.0001916250165869,103481956,False,1.85177227020042e-12,0.0004893647977492588
SBS5,clock-like (control),CCT,C,0.0229406399772299,103481956,False,2.2168734399676307e-10,0.5553842296957575
SBS6,MMR,CTA,T,0.0016507629729283,75563808,False,2.1845947373751996e-11,1.1364145116011568
SBS14,POLE+MMR,CTA,T,0.0031584294663249,75563808,False,4.179817759217349e-11,0.5768185585754362
SBS15,MMR,CTA,T,0.000747174991483,75563808,False,9.888000767285311e-12,0.20860404802301125
SBS20,POLD1+MMR,CTA,T,0.0117295145873195,75563808,False,1.5522662102099857e-10,1.7784953518654274
SBS21,MMR,CTA,T,0.0114846775604715,75563808,False,1.5198648485888244e-10,0.24355880856331832
SBS26,MMR,CTA,T,0.0519223686346835,75563808,False,6.871327690987132e-10,1.3003590690197078
SBS44,MMR,CTA,T,0.0145991573093129,75563808,False,1.9320303854079057e-10,1.3008310275778745
SBS10a,POLE,CTA,T,0.0001210167475976,75563808,False,1.6015173242407264e-12,0.06741658236168582
SBS10b,POLE,CTA,T,0.0013043805061662,75563808,False,1.7261974226685347e-11,0.4215388329272654
SBS10c,POLD1,CTA,T,0.0119315340882086,75563808,False,1.5790011652415135e-10,1.1867219795894035
SBS10d,POLD1,CTA,T,0.0025866580471513,75563808,False,3.4231441157006014e-11,0.8326518632869674
SBS1,CpG deamination (control),CTA,T,2.19147943051194e-16,75563808,False,2.9001707146785667e-24,2.004156211071829e-13
SBS5,clock-like (control),CTA,T,0.0132788098338279,75563808,False,1.757297598584219e-10,0.9814311300411207
SBS6,MMR,CTC,T,0.0010273683689384,98914308,False,1.0386448530160066e-11,0.5402975037765648
SBS14,POLE+MMR,CTC,T,0.0053534971594499,98914308,False,5.412257607311876e-11,0.7468963508765835
SBS15,MMR,CTC,T,0.0021483814634051,98914308,False,2.1719622841673216e-11,0.4582120645961474
SBS20,POLD1+MMR,CTC,T,0.0048568358614244,98914308,False,4.910144911921539e-11,0.5625755328177121
SBS21,MMR,CTC,T,0.0028247649854027,98914308,False,2.8557698502047853e-11,0.045763799517617054
SBS26,MMR,CTC,T,0.0312476910319462,98914308,False,3.159066839141836e-10,0.5978351489924892
SBS44,MMR,CTC,T,0.0032094979211836,98914308,False,3.2447256479655097e-11,0.21846653296604968
SBS10a,POLE,CTC,T,4.09885927093778e-05,98914308,False,4.1438487048180937e-13,0.017443714986672385
SBS10b,POLE,CTC,T,0.0001229031894806,98914308,False,1.242521855186006e-12,0.030342486082039787
SBS10c,POLD1,CTC,T,0.0097801426406441,98914308,False,9.887490332181367e-11,0.7431091476352807
SBS10d,POLD1,CTC,T,0.0022616405205025,98914308,False,2.286464482471535e-11,0.5561638211307812
SBS1,CpG deamination (control),CTC,T,0.0024646874320916,98914308,False,2.4917400545243666e-11,1.7219111555662152
SBS5,clock-like (control),CTC,T,0.0104148495221721,98914308,False,1.0529163811338699e-10,0.5880420678930877
SBS6,MMR,CTG,T,0.0052904915817742,118701658,False,4.4569651940111904e-11,2.3184894834367102
SBS14,POLE+MMR,CTG,T,0.0044678565078847,118701658,False,3.763937743721069e-11,0.5194267475210202
SBS15,MMR,CTG,T,0.0013847882698687,118701658,False,1.1666124072746314e-11,0.2461165571876983
SBS20,POLD1+MMR,CTG,T,0.0261662981750016,118701658,False,2.2043751212810862e-10,2.525643398780065
SBS21,MMR,CTG,T,0.0143810655609998,118701658,False,1.2115303023821116e-10,0.1941481028793586
SBS26,MMR,CTG,T,0.0785838894062436,118701658,False,6.62028574244882e-10,1.2528508305588413
SBS44,MMR,CTG,T,0.0337986433659658,118701658,False,2.847360680165546e-10,1.9171205315606765
SBS10a,POLE,CTG,T,0.0010415603911053,118701658,False,8.774606931819773e-12,0.3693709721128997
SBS10b,POLE,CTG,T,2.5001406686469105e-05,118701658,False,2.1062390456643078e-13,0.005143453104006037
SBS10c,POLD1,CTG,T,0.0145792226852348,118701658,False,1.2282240139589963e-10,0.9230901568091779
SBS10d,POLD1,CTG,T,0.0033014654314109,118701658,False,2.781313662367631e-11,0.6765318447254238
SBS1,CpG deamination (control),CTG,T,0.0003538505460759,118701658,False,2.9810076121758973e-12,0.2060018360628431
SBS5,clock-like (control),CTG,T,0.0207672249097643,118701658,False,1.7495311573292682e-10,0.9770936591293153
SBS6,MMR,CTT,T,0.0012711956314858,117687160,False,1.0801481074790147e-11,0.5618872750249871
SBS14,POLE+MMR,CTT,T,0.0020724471533061,117687160,False,1.7609798327244025e-11,0.24301677903361507
SBS15,MMR,CTT,T,0.0017548138644792,117687160,False,1.4910835340738956e-11,0.31456921218834816
SBS20,POLD1+MMR,CTT,T,0.0069626630247147,117687160,False,5.916246959069027e-11,0.6778487895944632
SBS21,MMR,CTT,T,0.0218128688951265,117687160,False,1.8534620849994597e-10,0.29701786810774433
SBS26,MMR,CTT,T,0.0557797091308092,117687160,False,4.739659715708085e-10,0.8969532196044878
SBS44,MMR,CTT,T,0.0077599947195477,117687160,False,6.593747966683622e-11,0.44395533361550404
SBS10a,POLE,CTT,T,2.4359902482028494e-06,117687160,False,2.0698861695726614e-14,0.0008713277672251677
SBS10b,POLE,CTT,T,0.0008106252878306,117687160,False,6.887967114089591e-12,0.16820472446460435
SBS10c,POLD1,CTT,T,0.0193102586468078,117687160,False,1.6408126975625716e-10,1.2331773626582823
SBS10d,POLD1,CTT,T,0.0047548233239161,117687160,False,4.040222675027675e-11,0.982751185679348
SBS1,CpG deamination (control),CTT,T,4.2138031608590605e-05,117687160,False,3.5805122333303485e-13,0.024743046314233977
SBS5,clock-like (control),CTT,T,0.0149735882033843,117687160,False,1.2723213138446285e-10,0.7105772783323433
SBS6,MMR,GCA,C,0.0932761826093663,84556497,False,1.1031225975381442e-09,0.4677051873268953
SBS14,POLE+MMR,GCA,C,0.0171276728592627,84556497,False,2.0255892174982957e-10,0.8323309817135827
SBS15,MMR,GCA,C,0.0735777566375164,84556497,False,8.701608894407771e-10,0.42741896751818736
SBS20,POLD1+MMR,GCA,C,0.0423959870445664,84556497,False,5.013924245769832e-10,1.2186915249559214
SBS21,MMR,GCA,C,0.0093272809246362,84556497,False,1.1030827027562648e-10,1.1063576025378157
SBS26,MMR,GCA,C,0.0027517061036017,84556497,False,3.254281103439869e-11,0.3152085519683164
SBS44,MMR,GCA,C,0.0956965888501171,84556497,False,1.1317473197845116e-09,1.7905510783642282
SBS10a,POLE,GCA,C,4.194538734729689e-05,84556497,False,4.960634467543859e-13,0.003521001801014048
SBS10b,POLE,GCA,C,0.0003594637352383,84556497,False,4.2511663561263665e-12,0.0018448653912181946
SBS10c,POLD1,GCA,C,0.003609428088545,84556497,False,4.268658490600669e-11,0.18441173278904904
SBS10d,POLD1,GCA,C,0.0011513170737092,84556497,False,1.361595045392195e-11,0.2176486938750594
SBS1,CpG deamination (control),GCA,C,0.0043733156401285,84556497,False,5.1720634076509813e-11,0.013668126497852396
SBS5,clock-like (control),GCA,C,0.0194100824062686,84556497,False,2.2955163819367542e-10,0.5750863240774591
SBS6,MMR,GCC,C,0.1090956581672314,68884150,False,1.583755597873116e-09,0.6714853908680367
SBS14,POLE+MMR,GCC,C,0.0080608709028229,68884150,False,1.1702069202890504e-10,0.48084748198608185
SBS15,MMR,GCC,C,0.1270159693705383,68884150,False,1.8439070435004033e-09,0.9057185335449337
SBS20,POLD1+MMR,GCC,C,0.052712486624273,68884150,False,7.652338981358265e-10,1.8599883455636992
SBS21,MMR,GCC,C,0.0193457130155917,68884150,False,2.808441857174938e-10,2.8167797321153927
SBS26,MMR,GCC,C,0.005378427585982,68884150,False,7.807931993037586e-11,0.7562736159426995
SBS44,MMR,GCC,C,0.0804464819238688,68884150,False,1.1678518487034943e-09,1.8476724888236107
SBS10a,POLE,GCC,C,0.012254768438653,68884150,False,1.7790403799209253e-10,1.2627425831840755
SBS10b,POLE,GCC,C,0.0147473805482724,68884150,False,2.1408960621960787e-10,0.09290779801286743
SBS10c,POLD1,GCC,C,0.0088948601165697,68884150,False,1.2912781992039822e-10,0.5578493823112585
SBS10d,POLD1,GCC,C,0.0054752857444657,68884150,False,7.948542218297969e-11,1.2705611979698506
SBS1,CpG deamination (control),GCC,C,9.013391383619348e-05,68884150,False,1.3084855345706304e-12,0.0003457913099183
SBS5,clock-like (control),GCC,C,0.0213141965735465,68884150,False,3.094209128449215e-10,0.7751795489716545
SBS6,MMR,GCG,C,0.1787906736052361,14071852,True,1.2705553867766381e-08,5.386938373919182
SBS14,POLE+MMR,GCG,C,1.9375044118880563e-05,14071852,True,1.3768652568887566e-12,0.005657650628536223
SBS15,MMR,GCG,C,0.2787332367767061,14071852,True,1.9807857329419473e-08,9.729527069331978
SBS20,POLD1+MMR,GCG,C,0.0207585071784102,14071852,True,1.4751794702225548e-09,3.585592103163424
SBS21,MMR,GCG,C,4.378034487500639e-05,14071852,True,3.111199924146899e-12,0.0312043664586005
SBS26,MMR,GCG,C,0.0067371422211746,14071852,True,4.787672739291602e-10,4.6373234010273725
SBS44,MMR,GCG,C,0.0500961912222234,14071852,True,3.560028290677261e-09,5.6323636764547755
SBS10a,POLE,GCG,C,0.0149286906242204,14071852,True,1.0608902526988204e-09,7.530078087531993
SBS10b,POLE,GCG,C,0.0125761832987262,14071852,True,8.937120216106735e-10,0.3878414158055989
SBS10c,POLD1,GCG,C,0.0092859237804434,14071852,True,6.598935080075743e-10,2.850827854603027
SBS10d,POLD1,GCG,C,0.0020571965238536,14071852,True,1.4619230815201866e-10,2.3368596288261325
SBS1,CpG deamination (control),GCG,C,0.2164284008772684,14071852,True,1.5380235727128768e-08,4.06450947941222
SBS5,clock-like (control),GCG,C,0.0124039691766568,14071852,True,8.814738228242309e-10,2.2083202913620466
SBS6,MMR,GCT,C,0.0737686139738165,81666888,False,9.032867026084855e-10,0.3829781725043366
SBS14,POLE+MMR,GCT,C,0.010463941872029,81666888,False,1.2812955321658638e-10,0.5264946905029316
SBS15,MMR,GCT,C,0.0766831809664854,81666888,False,9.389751813058603e-10,0.4612202264995828
SBS20,POLD1+MMR,GCT,C,0.0330859850338124,81666888,False,4.051334126238826e-10,0.9847230078470979
SBS21,MMR,GCT,C,0.0080156503930263,81666888,False,9.815055513106242e-11,0.984419505366423
SBS26,MMR,GCT,C,0.0049579530506702,81666888,False,6.07094646568411e-11,0.5880297932783712
SBS44,MMR,GCT,C,0.0664004589850899,81666888,False,8.130646411442774e-10,1.2863593706216205
SBS10a,POLE,GCT,C,0.0133518991388454,81666888,False,1.6349219941924812e-10,1.1604489957349007
SBS10b,POLE,GCT,C,0.0314298861961644,81666888,False,3.848547063059927e-10,0.1670141953603341
SBS10c,POLD1,GCT,C,0.0103180538280979,81666888,False,1.2634317384663783e-10,0.5458193403484939
SBS10d,POLD1,GCT,C,0.002230669810058,81666888,False,2.731425017759952e-11,0.4366137270732186
SBS1,CpG deamination (control),GCT,C,3.762579459691082e-05,81666888,False,4.607227668196542e-13,0.00012175444423237692
SBS5,clock-like (control),GCT,C,0.0185157950800626,81666888,False,2.267234069218188e-10,0.5680008720259226
SBS6,MMR,GTA,T,0.0025409043493483,66093410,False,3.84441406389578e-11,1.9998436579884524
SBS14,POLE+MMR,GTA,T,0.0109308800562793,66093410,False,1.6538532444126123e-10,2.282332148174849
SBS15,MMR,GTA,T,0.0127770021607477,66093410,False,1.933173392135116e-10,4.078355216799563
SBS20,POLD1+MMR,GTA,T,0.0027509438235051,66093410,False,4.162205919629658e-11,0.47688108089183556
SBS21,MMR,GTA,T,0.221413547955225,66093410,False,3.3500094480709196e-09,5.3684004245876755
SBS26,MMR,GTA,T,0.0828926445582576,66093410,False,1.2541741235360317e-09,2.373452073620478
SBS44,MMR,GTA,T,0.0268421351166223,66093410,False,4.061242280678558e-10,2.7344238522948556
SBS10a,POLE,GTA,T,0.0021696436732981,66093410,False,3.282692893736456e-11,1.3818641390197004
SBS10b,POLE,GTA,T,0.014441952373881,66093410,False,2.1850820488579724e-10,5.335988367437026
SBS10c,POLD1,GTA,T,0.0126233395223134,66093410,False,1.909924079013838e-10,1.4354320527471518
SBS10d,POLD1,GTA,T,0.002405851877285,66093410,False,3.6400783032453615e-11,0.8854193335904548
SBS1,CpG deamination (control),GTA,T,0.0010260703286628,66093410,False,1.5524548191155517e-11,1.0728202834375788
SBS5,clock-like (control),GTA,T,0.013996034047497,66093410,False,2.11761415358914e-10,1.182663911577899
SBS6,MMR,GTC,T,0.0010999224773668,55137823,False,1.9948601840279405e-11,1.037715610570637
SBS14,POLE+MMR,GTC,T,0.0065136458538114,55137823,False,1.181338961063334e-10,1.6302582456062582
SBS15,MMR,GTC,T,0.0115154567345114,55137823,False,2.088485926350665e-10,4.4060131944695105
SBS20,POLD1+MMR,GTC,T,0.0022576936495695,55137823,False,4.094636905721686e-11,0.46913942057770674
SBS21,MMR,GTC,T,0.0659776362948296,55137823,False,1.1965948727215726e-09,1.9175469569129209
SBS26,MMR,GTC,T,0.0246754514003693,55137823,False,4.475231348972429e-10,0.8469116788347472
SBS44,MMR,GTC,T,0.0011558332971926,55137823,False,2.0962621197296818e-11,0.14114078266449284
SBS10a,POLE,GTC,T,0.0062073933822984,55137823,False,1.1257958774140211e-10,4.739087697856241
SBS10b,POLE,GTC,T,0.0052483121597638,55137823,False,9.518533511495004e-11,2.3244337263647616
SBS10c,POLD1,GTC,T,0.0060280551542163,55137823,False,1.0932704314815441e-10,0.8216637702581407
SBS10d,POLD1,GTC,T,0.0027148361591742,55137823,False,4.923727509470586e-11,1.1976565246768476
SBS1,CpG deamination (control),GTC,T,0.001860910255961,55137823,False,3.375015832527519e-11,2.3322968227321974
SBS5,clock-like (control),GTC,T,0.0078993298649999,55137823,False,1.4326517506866204e-10,0.8001200410019079
SBS6,MMR,GTG,T,0.0024478462174894,88476038,False,2.7666770267102148e-11,1.4392106088494336
SBS14,POLE+MMR,GTG,T,0.0110463299301389,88476038,False,1.2485109166098623e-10,1.7229561401247424
SBS15,MMR,GTG,T,0.0059555121495003,88476038,False,6.731214783261769e-11,1.4200632513565674
SBS20,POLD1+MMR,GTG,T,0.0040894176391304,88476038,False,4.62206234769509e-11,0.5295687265070277
SBS21,MMR,GTG,T,0.1173945866487537,88476038,False,1.32685175898986e-09,2.126284017028024
SBS26,MMR,GTG,T,0.0714286426315591,88476038,False,8.073218946756985e-10,1.5278100457015213
SBS44,MMR,GTG,T,0.0173805015682354,88476038,False,1.9644303656810898e-10,1.3226458499277676
SBS10a,POLE,GTG,T,2.2222848368429853e-16,88476038,False,2.51173638318093e-24,1.05732657514548e-13
SBS10b,POLE,GTG,T,0.0013700948958414,88476038,False,1.548549106416135e-11,0.37815696772394225
SBS10c,POLD1,GTG,T,0.0127472160176222,88476038,False,1.4407534860028656e-10,1.082819865271055
SBS10d,POLD1,GTG,T,0.0035329136816826,88476038,False,3.993074013647175e-11,0.9712826586693701
SBS1,CpG deamination (control),GTG,T,0.0011554119344959,88476038,False,1.3059037911438801e-11,0.9024417703539671
SBS5,clock-like (control),GTG,T,0.0150466568446727,88476038,False,1.700647676455935e-10,0.9497927796923259
SBS6,MMR,GTT,T,0.0009140303435929,86656416,False,1.0547751520128643e-11,0.5486883991416791
SBS14,POLE+MMR,GTT,T,0.0113568457428843,86656416,False,1.3105602870633722e-10,1.8085848217737928
SBS15,MMR,GTT,T,0.0059226239561815,86656416,False,6.834605248596366e-11,1.441875213251976
SBS20,POLD1+MMR,GTT,T,0.0009438385557554,86656416,False,1.089173311478056e-11,0.1247910737925265
SBS21,MMR,GTT,T,0.1347498285899805,86656416,False,1.554989633889088e-09,2.4918756619049662
SBS26,MMR,GTT,T,0.0559172568038539,86656416,False,6.452754381609078e-10,1.2211464883690604
SBS44,MMR,GTT,T,0.0112603926324419,86656416,False,1.2994297655284867e-10,0.8749026774756549
SBS10a,POLE,GTT,T,0.0053235169987375,86656416,False,6.143246218188276e-11,2.5860267533038086
SBS10b,POLE,GTT,T,0.0115287885591183,86656416,False,1.3304021896218626e-10,3.24885310899208
SBS10c,POLD1,GTT,T,0.0106875094612443,86656416,False,1.2333200419048372e-10,0.9269201529517116
SBS10d,POLD1,GTT,T,0.0021875867427718,86656416,False,2.5244371320085517e-11,0.614048725578568
SBS1,CpG deamination (control),GTT,T,7.108495433167536e-05,86656416,False,8.203080350296897e-13,0.05668719551838835
SBS5,clock-like (control),GTT,T,0.013876620136181,86656416,False,1.6013378785687375e-10,0.894329364023226
SBS6,MMR,TCA,C,0.0120052107819745,115460191,False,1.039770563169647e-10,0.044084500409070394
SBS14,POLE+MMR,TCA,C,0.0035595832318562,115460191,False,3.082952835108509e-11,0.12668102385496122
SBS15,MMR,TCA,C,0.0265594182860983,115460191,False,2.3003095747605597e-10,0.1129901326693993
SBS20,POLD1+MMR,TCA,C,0.0081391582125372,115460191,False,7.049319892894686e-11,0.17134176722797484
SBS21,MMR,TCA,C,0.0036168895895988,115460191,False,3.1325858360989545e-11,0.3141886049623014
SBS26,MMR,TCA,C,0.00330490420139,115460191,False,2.862375484369327e-11,0.277248708067648
SBS44,MMR,TCA,C,0.0014083636621541,115460191,False,1.2197828965605123e-11,0.019298332256908052
SBS10a,POLE,TCA,C,0.0003652411464497,115460191,False,3.163351309974015e-12,0.022453107021960145
SBS10b,POLE,TCA,C,0.0027139676826832,115460191,False,2.3505657310779955e-11,0.010200676717343652
SBS10c,POLD1,TCA,C,0.0024098613651005,115460191,False,2.0871794375435424e-11,0.09016893189431881
SBS10d,POLD1,TCA,C,0.0013335567529279,115460191,False,1.1549926787561783e-11,0.18462365063478164
SBS1,CpG deamination (control),TCA,C,0.0010976006721831,115460191,False,9.506312631884525e-12,0.002512217529826114
SBS5,clock-like (control),TCA,C,0.0203899103536143,115460191,False,1.7659688743815e-10,0.4424209543416128
SBS6,MMR,TCC,C,0.0104854209671216,90832997,False,1.154362545928282e-10,0.048943005246329385
SBS14,POLE+MMR,TCC,C,0.0001375067085141,90832997,False,1.5138409284689793e-12,0.006220494734401138
SBS15,MMR,TCC,C,0.009563977409035,90832997,False,1.0529188428116051e-10,0.051718882121236764
SBS20,POLD1+MMR,TCC,C,0.0092518676877781,90832997,False,1.0185580123243209e-10,0.24757215236007418
SBS21,MMR,TCC,C,8.093468321686863e-05,90832997,False,8.910273346685746e-13,0.00893672671429246
SBS26,MMR,TCC,C,0.0025368305611055,90832997,False,2.7928513259399554e-11,0.2705146219181222
SBS44,MMR,TCC,C,0.002259317091244,90832997,False,2.4873307783117625e-11,0.03935236010280686
SBS10a,POLE,TCC,C,0.0027492620693847,90832997,False,3.026721742303295e-11,0.21483325924425323
SBS10b,POLE,TCC,C,0.0481273242779983,90832997,False,5.298440640244238e-10,0.22993477426551234
SBS10c,POLD1,TCC,C,0.0090257527549389,90832997,False,9.9366453304837e-11,0.429276314219004
SBS10d,POLD1,TCC,C,0.0035816176819569,90832997,False,3.943079938182487e-11,0.6302947424013061
SBS1,CpG deamination (control),TCC,C,3.68096039075306e-05,90832997,False,4.0524484629226314e-13,0.00010709338585315308
SBS5,clock-like (control),TCC,C,0.0230597773366142,90832997,False,2.53870048310904e-10,0.6360102416402935
SBS6,MMR,TCG,C,0.0528261055348151,13201294,True,4.001585415400574e-09,1.6966040406490557
SBS14,POLE+MMR,TCG,C,0.0054320560031202,13201294,True,4.11479056759148e-10,1.690800702868615
SBS15,MMR,TCG,C,0.021575717599582,13201294,True,1.6343638433915645e-09,0.8027918916700779
SBS20,POLD1+MMR,TCG,C,0.0027037509454748,13201294,True,2.0480953954019962e-10,0.49781296611800474
SBS21,MMR,TCG,C,0.0003234063611966,13201294,True,2.4498080354592514e-11,0.24570811762492578
SBS26,MMR,TCG,C,0.0026827197885059,13201294,True,2.0321642624623767e-10,1.9683473374670726
SBS44,MMR,TCG,C,7.843223525246954e-18,13201294,True,5.941253581086031e-25,9.399728915173803e-16
SBS10a,POLE,TCG,C,0.0028272230723232,13201294,True,2.1416257166329303e-10,1.5201015222345402
SBS10b,POLE,TCG,C,0.4411437476225948,13201294,True,3.341670503077916e-08,14.501743153614399
SBS10c,POLD1,TCG,C,0.0087474468882862,13201294,True,6.626204134447881e-10,2.8626084493246653
SBS10d,POLD1,TCG,C,0.0054024797971465,13201294,True,4.092386547217644e-10,6.541611544842436
SBS1,CpG deamination (control),TCG,C,0.1104513018878411,13201294,True,8.366702679891919e-09,2.211054691044893
SBS5,clock-like (control),TCG,C,0.0162170970661512,13201294,True,1.2284475344728478e-09,3.077579330215698
SBS6,MMR,TCT,C,0.00702296946061,130912528,False,5.3646274866909604e-11,0.022745106565682946
SBS14,POLE+MMR,TCT,C,0.0003625315163485,130912528,False,2.7692652635086232e-12,0.011379134799345833
SBS15,MMR,TCT,C,0.0017513664391847,130912528,False,1.337814238210036e-11,0.006571281097158308
SBS20,POLD1+MMR,TCT,C,5.062116196658223e-05,130912528,False,3.8667927920987233e-13,0.0009398681299317912
SBS21,MMR,TCT,C,7.376079304907338e-05,130912528,False,5.634357091406361e-13,0.00565108471732391
SBS26,MMR,TCT,C,0.0021488080472643,130912528,False,1.6414074955945393e-11,0.15898616727651577
SBS44,MMR,TCT,C,0.0030510453781584,130912528,False,2.330598472713322e-11,0.03687267940113546
SBS10a,POLE,TCT,C,0.0228501496527518,130912528,False,1.7454517151140647e-10,1.2389017317662991
SBS10b,POLE,TCT,C,0.1277929849029072,130912528,False,9.761707825465505e-10,0.4236257868486436
SBS10c,POLD1,TCT,C,0.0128904540530969,130912528,False,9.846616095517535e-11,0.42538693134653005
SBS10d,POLD1,TCT,C,0.0081573627786483,130912528,False,6.231155186804047e-11,0.9960397493588563
SBS1,CpG deamination (control),TCT,C,2.2141357257622566e-16,130912528,False,1.6913092731371415e-24,4.469595066841689e-16
SBS5,clock-like (control),TCT,C,0.0211833008394231,130912528,False,1.6181263293168625e-10,0.40538256661651884
SBS6,MMR,TTA,T,0.0014539984304179,120432966,False,1.2073093262669459e-11,0.62803586170387
SBS14,POLE+MMR,TTA,T,0.006191235517529,120432966,False,5.1408146151021475e-11,0.7094369771618938
SBS15,MMR,TTA,T,0.0033659881485434,120432966,False,2.7949059633251912e-11,0.5896325369656658
SBS20,POLD1+MMR,TTA,T,0.013667809532737,120432966,False,1.134889390064262e-10,1.3002895327069173
SBS21,MMR,TTA,T,0.0830727788192627,120432966,False,6.897843802938699e-10,1.1053815869611734
SBS26,MMR,TTA,T,0.0417270052934704,120432966,False,3.46474945186274e-10,0.6556838174841184
SBS44,MMR,TTA,T,0.0196586500777679,120432966,False,1.632331306842339e-10,1.0990444183821406
SBS10a,POLE,TTA,T,0.0007153787993577,120432966,False,5.940057968494274e-12,0.25004937580431
SBS10b,POLE,TTA,T,0.0086494724795133,120432966,False,7.181980787148679e-11,1.7538456258615536
SBS10c,POLD1,TTA,T,0.0167375259674737,120432966,False,1.3897794369254097e-10,1.0445095550822507
SBS10d,POLD1,TTA,T,0.005553103440994,120432966,False,4.6109496638935226e-11,1.1215758669212734
SBS1,CpG deamination (control),TTA,T,0.0002476139090023,120432966,False,2.0560309791116497e-12,0.14208154147916785
SBS5,clock-like (control),TTA,T,0.0177543874762145,120432966,False,1.4742132545514572e-10,0.8233316778567797
SBS6,MMR,TTC,T,0.0011050606453863,117797656,False,9.381007083759799e-12,0.4879949768727713
SBS14,POLE+MMR,TTC,T,0.0029346707442741,117797656,False,2.4912811034831627e-11,0.3437990022288567
SBS15,MMR,TTC,T,0.0060126432058118,117797656,False,5.104212944450949e-11,1.0768197811095483
SBS20,POLD1+MMR,TTC,T,0.0169662179645774,117797656,False,1.440284852915698e-10,1.6501936970761173
SBS21,MMR,TTC,T,0.0557935910908502,117797656,False,4.736392300611669e-10,0.7590083201783017
SBS26,MMR,TTC,T,0.0319641823549834,117797656,False,2.7134820369416684e-10,0.5135107993739512
SBS44,MMR,TTC,T,0.0107040229072493,117797656,False,9.086787692319871e-11,0.6118110491666429
SBS10a,POLE,TTC,T,0.0052283016047186,117797656,False,4.438374906813596e-11,1.8683536102183445
SBS10b,POLE,TTC,T,8.160262064933037e-05,117797656,False,6.927355214040114e-13,0.01691665851108043
SBS10c,POLD1,TTC,T,0.0170293155949379,117797656,False,1.4456412948435834e-10,1.0864933712259566
SBS10d,POLD1,TTC,T,0.0065733177990338,117797656,False,5.580177078424888e-11,1.3573325237785847
SBS1,CpG deamination (control),TTC,T,0.003396974401693,117797656,False,2.8837368391209755e-11,1.9927996196808362
SBS5,clock-like (control),TTC,T,0.0098834712736061,117797656,False,8.390210475500547e-11,0.4685839071815424
SBS6,MMR,TTG,T,0.0021350888510333,111895448,False,1.9081105524804728e-11,0.9925889156830333
SBS14,POLE+MMR,TTG,T,0.0043423097617551,111895448,False,3.8806849066416894e-11,0.5355379595673209
SBS15,MMR,TTG,T,0.0013255445245472,111895448,False,1.1846277469188918e-11,0.24991719683644895
SBS20,POLD1+MMR,TTG,T,0.0121264827033276,111895448,False,1.0837333350081945e-10,1.2416779327515977
SBS21,MMR,TTG,T,0.0277836623055278,111895448,False,2.4830020168048123e-10,0.3979018354393853
SBS26,MMR,TTG,T,0.0304967263064933,111895448,False,2.725466214362295e-10,0.5157787357167476
SBS44,MMR,TTG,T,0.0192516410895725,111895448,False,1.7205026150458325e-10,1.158409930601567
SBS10a,POLE,TTG,T,0.0003629553277044,111895448,False,3.2437005632650935e-12,0.13654501444977057
SBS10b,POLE,TTG,T,0.0006653747948861,111895448,False,5.946397344833009e-12,0.14521151311810424
SBS10c,POLD1,TTG,T,0.0151853501701193,111895448,False,1.3571016910463866e-10,1.0199501056456557
SBS10d,POLD1,TTG,T,0.0049836860850311,111895448,False,4.453877413343124e-11,1.0833693241433633
SBS1,CpG deamination (control),TTG,T,0.0004121568831499,111895448,False,3.683410634808844e-12,0.25454123318731436
SBS5,clock-like (control),TTG,T,0.0127811719126791,111895448,False,1.142242346862859e-10,0.637929624535768
SBS6,MMR,TTT,T,0.0017377343820616,226168847,False,7.68334987382944e-12,0.39968375575323384
SBS14,POLE+MMR,TTT,T,0.0029310585397031,226168847,False,1.2959603316645551e-11,0.1788436753811164
SBS15,MMR,TTT,T,0.0013506787081621,226168847,False,5.971992721712465e-12,0.1259892556476007
SBS20,POLD1+MMR,TTT,T,0.0194316163435815,226168847,False,8.591641422472963e-11,0.984379756143476
SBS21,MMR,TTT,T,0.0408199853854282,226168847,False,1.8048456242706228e-10,0.2892270653513841
SBS26,MMR,TTT,T,0.0575599654995229,226168847,False,2.544999731971172e-10,0.48162649650114564
SBS44,MMR,TTT,T,0.0372568660252924,226168847,False,1.647303177227251e-10,1.1091249397262477
SBS10a,POLE,TTT,T,0.0032376367578678,226168847,False,1.4315131375577115e-11,0.6026018069192521
SBS10b,POLE,TTT,T,2.490964228511923e-05,226168847,False,1.1013737132912576e-13,0.0026895636826976947
SBS10c,POLD1,TTT,T,0.0199394173685496,226168847,False,8.816164397986076e-11,0.6625920421764483
SBS10d,POLD1,TTT,T,0.0075505020342902,226168847,False,3.3384359227379356e-11,0.812047286815141
SBS1,CpG deamination (control),TTT,T,0.0042742019066754,226168847,False,1.8898278712432042e-11,1.3059611445764494
SBS5,clock-like (control),TTT,T,0.0185496922299759,226168847,False,8.201700842546144e-11,0.4580558542072977
