context,PC1,PC2,PC3,B_ds.Ehof,B_ds.Dipole,B_ds.IP,B_ds.Ehomo,B_ds.Elumo,B_ds.dEhof_ds_ss,B_ds.dIP_ds_ss,B_ds.dEhomo_ds_ss,B_ds.dElumo_ds_ss,B_ds.dEhof_ds_del1,B_ds.dIP_ds_del1,B_ds.dEhomo_ds_del1,B_ds.dElumo_ds_del1,B_ds.dEhof_ds_del2,B_ds.dIP_ds_del2,B_ds.dEhomo_ds_del2,B_ds.dElumo_ds_del2
ACA,-0.9081391691054344,-3.5588179498580463,-1.7269754019692913,-5561.533739296875,50.14554515625,8.81972077734375,-8.81971484375,-0.660421875,-98.6852662109375,-9.30061764453125,9.300609375,0.78028515625,-59.67776054687496,-0.09791365234374995,0.09791796874999997,0.035527343749999996,-41.597279999999984,-0.05137558203124993,0.051390625,0.0011054687499999964
ACC,-3.6777755149584523,-0.043892703425421516,-0.23335078106088336,-5559.999476210937,39.41642140625,8.703142828125,-8.70312890625,-0.66230078125,-101.71585179687499,-9.40793921484375,9.40796484375,0.768875,-58.715507773437515,-0.16552028515625,0.16551953125000005,0.02196875,-40.95089980468749,-0.14450205468749996,0.14452734375000006,0.0017812499999999966
ACG,-3.8546095373583467,-0.852421033120895,1.0162035377327858,-5564.5499888671875,47.8218647265625,8.71003544140625,-8.7100234375,-0.65766015625,-105.2960573046875,-9.3545733046875,9.35461328125,0.7518242187499999,-58.84651132812501,-0.19761498437499997,0.19764062500000004,0.017601562499999997,-40.45861285156251,-0.13983223046875,0.1398671875,0.007710937499999999
ACT,-0.09367796974429318,-1.6885425833538152,-0.8566652292271314,-5554.76419515625,46.1118541015625,8.8335345,-8.8335625,-0.66975,-95.97416835937501,-9.35569198046875,9.35565234375,0.76682421875,-61.69319394531252,-0.09059007812500001,0.09054687499999996,0.014078124999999997,-38.73134425781254,-0.09308935546875002,0.09304296875000008,0.005285156249999995
ATA,4.168040720032239,0.02010094736917095,-0.25139114632917275,-5549.0957608203125,54.602895078125,8.8613315546875,-8.8613046875,-0.6649375,-88.16954566406254,-9.39634170703125,9.39633203125,0.80304296875,-116.128141328125,0.04046284375000003,-0.040417968750000026,-0.0012812499999999938,26.216102421875014,-0.04752290625,0.04757031249999994,0.012695312499999991
ATC,1.4468800060619118,1.103884986805205,1.5745535224239227,-5554.087045039062,42.241298828125,8.7553685703125,-8.75537890625,-0.67144140625,-94.65590179687499,-9.419335640625,9.41933203125,0.78979296875,-115.74895871093746,-0.007303078125000011,0.007281250000000014,-0.0009453124999999989,23.77818093750002,-0.11443524218750005,0.11445703125000001,0.01170703124999999
ATG,2.1280384037829396,0.047735906403591134,0.35010133373374225,-5556.325672539063,52.2117837109375,8.83016836328125,-8.83016015625,-0.6639804687499999,-98.14712605468749,-9.4017522578125,9.40179296875,0.786203125,-116.20672511718752,0.01019486718750003,-0.01021484375000012,-0.0017031249999999974,24.165219609375,-0.0784272109375,0.07843749999999994,0.007785156249999991
ATT,4.3587667210196495,-0.9918342920886281,-0.2297966565106286,-5545.794771445312,50.5944456640625,8.8752667421875,-8.87530078125,-0.67622265625,-88.083279609375,-9.34071744140625,9.34065625,0.79351171875,-119.3661184375,0.019915082031250055,-0.019953125000000013,-0.0015507812499999988,26.99358257812499,-0.060993996093749975,0.060937499999999985,0.00881249999999999
CCA,-1.6463461646426851,1.32837352997053,-2.250018212621616,-5556.375371835938,58.8677967578125,8.7610581484375,-8.761046875,-0.6599140625,-103.21208832031252,-9.43802404296875,9.43805859375,0.82252734375,-59.594207304687494,-0.12912646093749994,0.1291328125,0.014121093749999992,-38.922628593750034,-0.12594316015624998,0.12597656249999994,0.003300781249999993
CCC,-3.845496613924685,3.8194964637043203,-1.4070375288062833,-5555.336714609375,49.4759196484375,8.68212460546875,-8.68212109375,-0.65641015625,-105.45815621093749,-9.54952020703125,9.549484375,0.79994921875,-59.2752642578125,-0.16073224218749999,0.16074218749999997,0.008660156249999997,-38.66562757812499,-0.177539328125,0.17753515625,0.0025624999999999992
CCG,-4.518976376931994,2.204991874301086,0.6863551845072154,-5559.660079960938,56.438445546875,8.661782328125,-8.6617421875,-0.64962109375,-109.52418824218749,-9.4243668515625,9.42440625,0.78061328125,-58.84814152343747,-0.21290865234374998,0.21294921875000006,0.005902343749999996,-37.83394902343749,-0.18350697265625004,0.18351562500000004,0.009542968749999993
CCT,-2.412808185349435,2.141580335902402,-0.6453604675877254,-5557.5625534375,51.468799765625,8.7384267890625,-8.738421875,-0.65769140625,-100.46560007812506,-9.46242017578125,9.46239453125,0.79321484375,-63.21522539062501,-0.13425828906250012,0.134234375,0.009343749999999994,-36.68336148437504,-0.16641786718750004,0.16642578124999993,0.006730468749999997
CTA,3.6297316986469057,0.4442295393919385,-1.2595918115161653,-5553.351083085938,60.894716953125,8.85820644140625,-8.8582421875,-0.67146484375,-95.46534921874998,-9.40645646875,9.40643359375,0.82440625,-115.86224886718749,0.026221296875000005,-0.02625390625,-0.0015937499999999992,29.49178105468755,-0.06470020703125003,0.06465234374999994,0.006175781249999996
CTC,0.7560089139767142,1.7287047824249038,0.904697433871458,-5561.464762460938,50.8870801171875,8.7674261015625,-8.76741796875,-0.66296875,-101.74544875000002,-9.4472243046875,9.44722265625,0.80491015625,-116.88596726562501,-0.003334796875000066,0.003343750000000014,-0.0006679687499999993,27.4416180859375,-0.12152817187500004,0.12153906250000004,0.008488281249999998
CTG,1.1889212085013368,0.4031520830184963,0.6670043179803363,-5565.815570234375,56.3529675390625,8.82209756640625,-8.82210546875,-0.65444921875,-104.99862851562494,-9.387022515625,9.38703125,0.81016796875,-115.90780769531248,0.0172209335937499,-0.01724218750000004,-0.0008554687499999997,26.88663746093749,-0.10149433203125004,0.10147656249999999,0.007476562499999994
CTT,2.829695720118458,1.0442192071063778,0.018235551864177878,-5553.532305664063,58.0515096875,8.83289005078125,-8.83287109375,-0.6732812499999999,-95.26952628906248,-9.4127110546875,9.41278515625,0.79737109375,-121.37791320312496,0.016993015624999983,-0.016972656250000034,-0.0011367187499999993,30.1612775,-0.11193501171874999,0.11194921874999995,0.007960937499999996
GCA,-1.620666798079463,-4.716554465996725,-1.3237479497138358,-5563.579273828125,46.8461779296875,8.7616251796875,-8.7616171875,-0.6667890625,-105.550629765625,-9.308010640625,9.30801953125,0.7758515625,-61.77959437500002,-0.13786187109375,0.13785156250000002,0.046156249999999996,-41.46594699218752,0.005906125000000011,-0.00590624999999998,0.0029648437499999987
GCC,-3.169670956352046,-2.7552322414065205,0.3507029652083514,-5560.153206171875,36.1874757421875,8.7002497265625,-8.70026171875,-0.66421484375,-108.36464406249998,-9.34143254296875,9.3414765625,0.761578125,-61.0153652734375,-0.15844558984375,0.15845312500000008,0.030757812499999995,-40.569074335937515,-0.06273372265625003,0.06273046874999995,0.004542968749999998
GCG,-3.776855079850326,-2.8787282781939836,2.1873522228989506,-5566.509800898438,44.973997734375,8.696156375,-8.69617578125,-0.65405859375,-112.61371535156249,-9.28511878125,9.28509765625,0.74643359375,-60.25430917968748,-0.19606891015625,0.19602343749999998,0.016,-40.47210562499997,-0.08061011328124991,0.08060546875000006,0.011644531249999998
GCT,-0.9506603383133959,-4.050236341224794,-0.24266524519630756,-5562.705503398438,39.44739109375,8.83142521484375,-8.83143359375,-0.66496875,-103.60046953125,-9.3357108125,9.33569140625,0.75746484375,-67.942407421875,-0.07148517578125002,0.0715,0.053125,-37.60951582031251,-0.048800394531249985,0.04880859374999998,0.007660156249999996
GTA,1.1302310406679392,1.1824758776890543,1.1068476704259995,-5556.268085078125,49.978893359375,8.754868203125,-8.754828125,-0.66719921875,-96.37039996093746,-9.4158579609375,9.4158828125,0.79630859375,-116.26190187499998,-0.040775734375000074,0.040800781249999994,-0.0015625,27.057477695312507,-0.10850910156250004,0.10858203124999995,0.010832031249999994
GTC,-0.3006981964101303,0.061467465604675364,3.255654876787673,-5559.392353515625,38.451456875,8.70930761328125,-8.70931640625,-0.671484375,-102.235438125,-9.340320796875,9.34033984375,0.7645390625,-116.29760808593747,-0.030097285156249962,0.03008984375000009,-0.0004804687500000008,25.612455429687476,-0.15173335156249998,0.15173046875,0.009296874999999998
GTG,0.1119288226980724,0.07917710106537793,2.6174601244668185,-5563.498642148437,47.540017890625,8.7597540234375,-8.75976171875,-0.6606796875,-106.06026121093751,-9.3602371953125,9.3601875,0.77725,-116.1315197265625,-0.021899328125000003,0.02191015624999997,-0.0008867187500000005,24.969830156250023,-0.12428685546874996,0.12429296874999993,0.011382812499999997
GTT,1.4608235402452743,-0.14957837299120563,2.181831857730571,-5554.558745742187,45.616026953125,8.76372233203125,-8.76373046875,-0.6721484375,-96.03136351562493,-9.3540215,9.35399609375,0.77156640625,-122.14134324218743,-0.03361842187500004,0.033624999999999995,-0.0008085937499999992,27.573518085937543,-0.1088136171875,0.10882812499999993,0.012058593749999999
TCA,-0.3872626951239167,-0.07144180178116515,-2.46128770687307,-5553.924835898438,60.30212203125,8.775637625,-8.77562890625,-0.665171875,-96.77194792968746,-9.37350620703125,9.37351171875,0.8217578125,-59.63106546875004,-0.10700853124999997,0.1069960937499999,0.015339843749999998,-39.61835859375003,-0.09744753906249998,0.09745703124999999,0.003164062499999999
TCC,-2.812995594677554,3.201198265655527,-1.7255848166045222,-5551.889711601562,50.4632962109375,8.687520796875,-8.6875390625,-0.66292578125,-99.45006605468748,-9.52031069140625,9.52028125,0.803890625,-58.9912826953125,-0.15152264453125,0.1514882812499999,0.010925781249999999,-39.09825871093749,-0.16019569921875,0.16018359374999994,0.0032968749999999977
TCG,-3.206669686872134,0.8172410401336635,-0.08220281629404899,-5556.195668046875,57.2825580078125,8.68259686328125,-8.68257421875,-0.65571484375,-103.80384007812495,-9.3516975234375,9.3517265625,0.79788671875,-58.61888062499998,-0.19395918359374997,0.19398828124999998,0.010546874999999999,-38.99755691406248,-0.15884849609374999,0.15887109374999991,0.007621093749999998
TCT,0.03627794766916212,0.43063110814712774,-1.5537755190975193,-5552.035339335937,52.266218984375,8.8061658359375,-8.80612890625,-0.66189453125,-93.51692718750002,-9.4202557109375,9.420328125,0.803953125,-64.27321101562504,-0.09022540625,0.09026171874999997,0.01583984375,-37.31451785156254,-0.10281714843750005,0.10283984374999994,0.009113281249999997
TTA,4.478148548582841,0.347255054102681,-1.2652413231804565,-5547.252817304688,64.8423648828125,8.84635135546875,-8.84637109375,-0.66765234375,-87.8134493359375,-9.3876852890625,9.38769140625,0.82144140625,-115.22176367187497,0.03048151953124999,-0.030496093750000113,-0.0013984374999999989,29.519957851562527,-0.04333951562499996,0.04332812500000002,0.010367187499999993
TTC,1.5389364301271211,2.4706713266834646,1.1860953637010438,-5549.918502578125,54.034738671875,8.727308515625,-8.72732421875,-0.66199609375,-93.8737701171875,-9.421466078125,9.42146875,0.808796875,-115.24045812500002,0.006387093749999967,-0.006378906250000015,-0.0016367187499999978,28.772676015625013,-0.13429266015624997,0.13428906249999992,0.013507812499999997
TTG,3.2587078191427037,-0.421260786885328,0.19713523102233016,-5552.9772909765625,62.2537861328125,8.8353618671875,-8.8353984375,-0.65983203125,-97.67143433593749,-9.32766943359375,9.32761328125,0.81755078125,-114.1028203125,0.024381941406249965,-0.024421874999999968,-0.0005390624999999977,28.228682773437516,-0.06377376953125001,0.06368359375000002,0.012164062499999993
TTT,4.6621713364209585,-0.6980460451528844,-0.7855385817667575,-5544.366146484375,61.31269984375,8.854523328125,-8.854515625,-0.67196875,-88.29275019531252,-9.3299065703125,9.3299296875,0.8089609375,-120.27616265624998,0.02371850781250004,-0.023679687500000025,-0.0019843749999999974,30.67899328125002,-0.0464580390625,0.04649609375000003,0.009199218749999993
