group,context,n_mut,n_sites,rate,centre,cpg,rate_norm
MMR_def,ACA,251,117061,0.0021441812388412877,C,False,0.6231132248297989
MMR_def,ACC,527,149261,0.0035307280535437926,C,False,1.0260528837709688
MMR_def,ACG,463,146472,0.003161013709104812,C,True,0.9186114542611659
MMR_def,ACT,59,99678,0.0005919059371175185,C,False,0.1720117733482797
MMR_def,CCA,264,171671,0.0015378252587798754,C,False,0.44690217359651896
MMR_def,CCC,459,95322,0.004815257757915276,C,False,1.3993456968883538
MMR_def,CCG,762,173980,0.004379813771697896,C,True,1.2728027995018991
MMR_def,CCT,98,101100,0.0009693372898120673,C,False,0.2816958164082151
MMR_def,GCA,896,191341,0.004682739193377269,C,False,1.3608349270880749
MMR_def,GCC,1865,185217,0.010069270099396923,C,False,2.9261963726107907
MMR_def,GCG,1649,230404,0.007156993802190934,C,True,2.0798696525206273
MMR_def,GCT,387,161242,0.002400119075675072,C,False,0.6974904500272567
MMR_def,TCA,336,167633,0.0020043786128029683,C,False,0.5824856586649689
MMR_def,TCC,458,112273,0.004079342317387083,C,False,1.1854838110351928
MMR_def,TCG,423,142730,0.0029636376374973725,C,True,0.8612526646888761
MMR_def,TCT,64,112142,0.0005707049990191007,C,False,0.16585064075901174
MMR_def,ATA,417,127022,0.003282895876304892,T,False,0.22882427061653615
MMR_def,ATC,608,173110,0.0035122176650684536,T,False,0.24480844831435722
MMR_def,ATG,318,153323,0.002074052816602858,T,False,0.14456554239347572
MMR_def,ATT,268,166445,0.0016101414881792785,T,False,0.11223001444588901
MMR_def,CTA,464,54024,0.00858877535909966,T,False,0.5986544596861691
MMR_def,CTC,649,85249,0.007612992527771587,T,False,0.5306404857217851
MMR_def,CTG,1173,207807,0.0056446606707185034,T,False,0.39344390121468825
MMR_def,CTT,569,127081,0.004477459258268348,T,False,0.31208767734105214
MMR_def,GTA,6173,105299,0.05862353868507773,T,False,4.0861754335236675
MMR_def,GTC,5282,109011,0.04845382576070305,T,False,3.3773265300004556
MMR_def,GTG,5366,132924,0.04036893262315308,T,False,2.8137936477773295
MMR_def,GTT,6075,165238,0.03676515087328581,T,False,2.5626030034664478
MMR_def,TTA,313,137703,0.00227300785022839,T,False,0.1584330977988859
MMR_def,TTC,641,167409,0.0038289458750724275,T,False,0.26688502471781467
MMR_def,TTG,208,153652,0.001353708379975529,T,False,0.09435612469806666
MMR_def,TTT,236,218826,0.001078482447241187,T,False,0.07517233828337908
MMR_def_pol_exo,ACA,963,117061,0.008226480211171953,C,False,0.8396685613485457
MMR_def_pol_exo,ACC,806,149261,0.005399937023066977,C,False,0.551166140942489
MMR_def_pol_exo,ACG,953,146472,0.0065063629908788025,C,True,0.6640979266859908
MMR_def_pol_exo,ACT,450,99678,0.004514536808523446,C,False,0.46079423153780463
MMR_def_pol_exo,CCA,2319,171671,0.01350839687541868,C,False,1.378788482965562
MMR_def_pol_exo,CCC,1063,95322,0.01115167537399551,C,False,1.1382402895946249
MMR_def_pol_exo,CCG,1525,173980,0.008765375330497758,C,True,0.8946730441828379
MMR_def_pol_exo,CCT,1186,101100,0.011730959446092978,C,False,1.197367232217017
MMR_def_pol_exo,GCA,2537,191341,0.013259050595533629,C,False,1.3533379589584222
MMR_def_pol_exo,GCC,1876,185217,0.010128659896229828,C,False,1.0338221286797964
MMR_def_pol_exo,GCG,3014,230404,0.013081370115102168,C,True,1.3352022910234294
MMR_def_pol_exo,GCT,1873,161242,0.011616080177621215,C,False,1.185641620824254
MMR_def_pol_exo,TCA,2339,167633,0.013953099926625426,C,False,1.4241788761408811
MMR_def_pol_exo,TCC,1215,112273,0.010821836060317263,C,False,1.1045739225843103
MMR_def_pol_exo,TCG,1118,142730,0.007832971344496602,C,True,0.79950350709965
MMR_def_pol_exo,TCT,702,112142,0.006259920457990762,C,False,0.638943785214384
MMR_def_pol_exo,ATA,726,127022,0.005715545338602762,T,False,0.882710593952842
MMR_def_pol_exo,ATC,908,173110,0.005245219802437757,T,False,0.8100733723433128
MMR_def_pol_exo,ATG,832,153323,0.005426452652243956,T,False,0.8380630298508333
MMR_def_pol_exo,ATT,612,166445,0.003676890264051188,T,False,0.5678600722417648
MMR_def_pol_exo,CTA,344,54024,0.006367540352435954,T,False,0.9834049060122548
MMR_def_pol_exo,CTC,435,85249,0.00510269915189621,T,False,0.7880624388912778
MMR_def_pol_exo,CTG,1057,207807,0.005086450408311558,T,False,0.78555297789484
MMR_def_pol_exo,CTT,478,127081,0.003761380536822971,T,False,0.5809087761612145
MMR_def_pol_exo,GTA,1412,105299,0.01340943408769314,T,False,2.070957157521686
MMR_def_pol_exo,GTC,1182,109011,0.010842942455348543,T,False,1.6745873941920295
MMR_def_pol_exo,GTG,1118,132924,0.008410821221148928,T,False,1.2989698368076472
MMR_def_pol_exo,GTT,1824,165238,0.011038623077016183,T,False,1.704808370064741
MMR_def_pol_exo,TTA,702,137703,0.005097928149713514,T,False,0.7873256038351382
MMR_def_pol_exo,TTC,961,167409,0.0057404321153581945,T,False,0.8865541154700259
MMR_def_pol_exo,TTG,905,153652,0.005889933095566605,T,False,0.9096430931997623
MMR_def_pol_exo,TTT,610,218826,0.0027876029356657802,T,False,0.4305182615606306
pol_exo,ACA,606,117061,0.005176788170270201,C,False,0.849690515745371
pol_exo,ACC,548,149261,0.003671421201787473,C,False,0.6026075767172955
pol_exo,ACG,744,146472,0.005079469113550713,C,True,0.8337170826482392
pol_exo,ACT,364,99678,0.0036517586628945203,C,False,0.5993802720134322
pol_exo,CCA,1029,171671,0.005994023451835196,C,False,0.9838271744300223
pol_exo,CCC,455,95322,0.004773294727345209,C,False,0.7834632450241669
pol_exo,CCG,1037,173980,0.005960455224738476,C,True,0.9783174639191167
pol_exo,CCT,656,101100,0.006488625123639961,C,False,1.0650084659531749
pol_exo,GCA,1436,191341,0.007504925760814462,C,False,1.2318186548483638
pol_exo,GCC,1333,185217,0.007196963561660107,C,False,1.181271375102149
pol_exo,GCG,2150,230404,0.009331435218138574,C,True,1.5316122163698347
pol_exo,GCT,1401,161242,0.008688803165428362,C,False,1.426134004331395
pol_exo,TCA,1275,167633,0.007605900986082693,C,False,1.2483921920327508
pol_exo,TCC,822,112273,0.007321439705004765,C,False,1.2017022281634977
pol_exo,TCG,666,142730,0.004666152876059693,C,True,0.7658775505969692
pol_exo,TCT,490,112142,0.00436946014873999,C,False,0.7171799821042214
pol_exo,ATA,1311,127022,0.010321046747807466,T,False,1.2088484554734447
pol_exo,ATC,1687,173110,0.009745248685806713,T,False,1.141408338698266
pol_exo,ATG,854,153323,0.005569940582952329,T,False,0.6523770539273199
pol_exo,ATT,1215,166445,0.007299708612454565,T,False,0.8549754397194709
pol_exo,CTA,457,54024,0.008459203317044276,T,False,0.9907807913492044
pol_exo,CTC,527,85249,0.006181890696665063,T,False,0.7240514652408415
pol_exo,CTG,878,207807,0.004225074227528428,T,False,0.49486012213764996
pol_exo,CTT,701,127081,0.005516166854211094,T,False,0.6460788275436734
pol_exo,GTA,1672,105299,0.015878593338968083,T,False,1.8597738680895046
pol_exo,GTC,1422,109011,0.013044555136637588,T,False,1.5278382817723768
pol_exo,GTG,896,132924,0.006740693930366224,T,False,0.7895010695764401
pol_exo,GTT,2343,165238,0.014179547077548748,T,False,1.6607737570464065
pol_exo,TTA,1165,137703,0.008460236886632826,T,False,0.9909018477721886
pol_exo,TTC,1688,167409,0.010083089917507422,T,False,1.1809778572864273
pol_exo,TTG,909,153652,0.005915965949027673,T,False,0.6929051359674164
pol_exo,TTT,1091,218826,0.0049856963980514195,T,False,0.5839476883993671
WT_like,ACA,39,117061,0.00033315963472035947,C,False,1.1778535243315913
WT_like,ACC,22,149261,0.0001473928219695701,C,False,0.5210930038501083
WT_like,ACG,38,146472,0.0002594352504232891,C,True,0.9172081254783719
WT_like,ACT,12,99678,0.00012038764822729188,C,False,0.4256188354556454
WT_like,CCA,71,171671,0.00041358179308095133,C,False,1.4621782527425982
WT_like,CCC,21,95322,0.0002203059104928558,C,False,0.7788701453070507
WT_like,CCG,56,173980,0.0003218760777100816,C,True,1.1379616046435785
WT_like,CCT,35,101100,0.00034619188921859544,C,False,1.2239277941140567
WT_like,GCA,93,191341,0.0004860432421697388,C,False,1.7183586668526116
WT_like,GCC,59,185217,0.0003185452739219402,C,False,1.1261858714158353
WT_like,GCG,107,230404,0.0004644016596934081,C,True,1.6418469543420169
WT_like,GCT,55,161242,0.00034110219421738754,C,False,1.2059336718669917
WT_like,TCA,19,167633,0.00011334283822397738,C,False,0.40071259404493176
WT_like,TCC,23,112273,0.00020485780196485351,C,False,0.7242548582863495
WT_like,TCG,43,142730,0.00030126812863448467,C,True,1.0651042026107311
WT_like,TCT,15,112142,0.00013375898414510175,C,False,0.4728918946575304
WT_like,ATA,21,127022,0.0001653256916124766,T,False,0.8161027884217567
WT_like,ATC,44,173110,0.0002541736468141644,T,False,1.2546859467830715
WT_like,ATG,5,153323,3.2610893342812236e-05,T,False,0.16097825286814108
WT_like,ATT,27,166445,0.00016221574694343476,T,False,0.8007510636445117
WT_like,CTA,5,54024,9.25514586109877e-05,T,False,0.4568648871705536
WT_like,CTC,18,85249,0.0002111461718026018,T,False,1.042287970441966
WT_like,CTG,14,207807,6.73702040835968e-05,T,False,0.332561811010243
WT_like,CTT,8,127081,6.295197551168153e-05,T,False,0.3107519602710333
WT_like,GTA,53,105299,0.0005033286166060457,T,False,2.4845980288865146
WT_like,GTC,68,109011,0.0006237902596985625,T,False,3.079236901204714
WT_like,GTG,45,132924,0.00033853931569919655,T,False,1.6711430439989612
WT_like,GTT,48,165238,0.0002904900809741101,T,False,1.4339559857854678
WT_like,TTA,17,137703,0.0001234541004916378,T,False,0.6094106407217473
WT_like,TTC,34,167409,0.00020309541303036277,T,False,1.002546738339119
WT_like,TTG,5,153652,3.2541066826334836e-05,T,False,0.16063356587940275
WT_like,TTT,17,218826,7.768729492839059e-05,T,False,0.3834904145727965
