context,centre,env,tautomer_is_minimum,well_deeper_than_RT,reaction_energy_kcal,barrier_kcal,reverse_barrier_kcal,kappa_adiabatic,kappa_sudden,F
ACA,C,gas,True,True,10.988920170065763,13.503854056646812,2.5149338865810495,1.4625296272764092,2.6422457029767035,-20.949073062638423
ACC,C,gas,True,True,10.935229246179686,13.328733309804539,2.3935040636248526,1.2274002047991108,2.412651025926662,-20.755703950271013
ACG,C,gas,True,True,10.33997064334071,13.141753294447888,2.8017826511071773,1.6275845943556175,3.171341062711428,-20.178752338830847
ACT,C,gas,True,True,11.143172024572102,13.467068061826449,2.3238960372543462,1.1630367906537,2.3107883439585133,-21.023399100505234
ATA,T,gas,False,False,8.62453330840833,8.62453330840833,0.0,,,-14.000138480482068
ATC,T,gas,False,False,9.840969664448263,9.840969664448263,0.0,,,-15.974770246429182
ATG,T,gas,True,False,8.746513595659987,9.09300752062347,0.34649392496348264,1.0572111725169622,1.0589263931752118,-14.760609060281721
ATT,T,gas,False,False,8.82575210221378,8.82575210221378,0.0,,,-14.326775398378299
CCA,C,gas,True,True,10.07962403456602,12.242187794133821,2.162563759567801,1.2107040134851357,2.2752774011564783,-19.050547159029904
CCC,C,gas,True,True,9.992925483099489,11.734651138240945,1.7417256551414553,1.3462122100367144,2.081031209339184,-18.31590525029053
CCG,C,gas,True,True,9.49219638925079,12.464504371511683,2.9723079822608933,1.5698605453981815,2.9320049737899,-19.157847445612077
CCT,C,gas,True,True,9.973527871157671,11.776917713629631,1.803389842471961,1.2035068822531638,2.157278718070861,-18.348532226427952
CTA,T,gas,False,False,9.553405261398446,9.553405261398446,0.0,,,-15.507969166209621
CTC,T,gas,False,False,10.661660340973077,10.661660340973077,0.0,,,-17.306991099444634
CTG,T,gas,False,False,10.207264700088464,10.207264700088464,0.0,,,-16.569374156031607
CTT,T,gas,False,False,9.559771700122356,9.559771700122356,0.0,,,-15.51830375714631
GCA,C,gas,True,True,11.068021960614018,13.523343175124577,2.455321214510558,1.5420031240930692,2.7100642720678922,-20.955366447920127
GCC,C,gas,True,True,10.772325607510268,13.095471555392784,2.3231459478825154,1.1798746459992664,2.3530481871061664,-20.4020665064137
GCG,C,gas,True,True,10.536686106964327,13.225494430965496,2.6888083240011698,1.5056689708576898,2.9876273159141205,-20.37436369468872
GCT,C,gas,True,True,11.123141374287139,13.485233770410057,2.362092396122917,1.1873343195905088,2.403574538542093,-21.01351907569297
GTA,T,gas,False,False,9.357281965353252,9.357281965353252,0.0,,,-15.18960373057447
GTC,T,gas,False,False,10.088400761336077,10.088400761336077,0.0,,,-16.376423239922726
GTG,T,gas,False,False,9.959631144890245,9.959631144890245,0.0,,,-16.167392513522422
GTT,T,gas,False,False,9.638020654675957,9.638020654675957,0.0,,,-15.645324682282668
TCA,C,gas,True,True,9.907989550332275,12.402864059505674,2.4948745091734,1.2317961358755896,2.3609404163883854,-19.274413661197507
TCC,C,gas,True,True,9.736588193228254,11.960793023535876,2.224204830307621,1.1456745034292062,2.1950611317159727,-18.629653278606106
TCG,C,gas,True,True,9.314859629123745,12.51816404009918,3.2033044109754356,1.7491761614823877,3.620628732597611,-19.033991558872817
TCT,C,gas,True,True,9.969126664625685,12.219922000094401,2.2507953354687156,1.20588470449998,2.3065111617931566,-19.00076918335259
TTA,T,gas,False,False,10.385100137006315,10.385100137006315,0.0,,,-16.85805305082579
TTC,T,gas,False,False,11.022471036751305,11.022471036751305,0.0,,,-17.892692322397707
TTG,T,gas,False,False,10.901764140806897,10.901764140806897,0.0,,,-17.69674974807623
TTT,T,gas,False,False,9.981104884526808,9.981104884526808,0.0,,,-16.202250669651587
