context,centre,env,tautomer_is_minimum,well_deeper_than_RT,reaction_energy_kcal,barrier_kcal,reverse_barrier_kcal,E_half_kcal,kappa_adiabatic,kappa_sudden,F
ACA,C,water,True,False,13.516608379566549,13.530500842926982,0.013892463360431977,8.211991158084386,0.927777722653637,0.7520115868472025,-21.9639577861653
ACC,C,water,False,False,14.345580673247895,14.345580673247895,0.0,7.864826408959587,,,-23.287070595761087
ACG,C,water,True,False,13.598296441850158,13.714445222484516,0.11614878063435845,9.280689411413066,0.9946081297628326,0.8782421019896992,-22.262553280486266
ACT,C,water,False,False,12.829522165736153,12.829522165736153,0.0,7.19341012926534,,,-20.826064499467808
ATA,T,water,False,False,11.968489460130398,11.968489460130398,0.0,2.9872448636022,,,-19.428356741419922
ATC,T,water,False,False,12.600938927912512,12.600938927912512,0.0,3.5167391472826655,,,-20.455007090398734
ATG,T,water,False,False,11.206133942235311,11.206133942235311,0.0,1.930654698240711,,,-18.190830902023453
ATT,T,water,False,False,12.213349640351321,12.213349640351321,0.0,4.168428414883112,,,-19.825836385693147
CCA,C,water,False,False,13.016985816724063,13.016985816724063,0.0,6.304729693306018,,,-21.13037279999101
CCC,C,water,False,False,12.992036158414306,12.992036158414306,0.0,6.1239674015743955,,,-21.089872211856374
CCG,C,water,False,False,12.025774776889559,12.025774776889559,0.0,7.067143855824269,,,-19.521347554817865
CCT,C,water,False,False,12.11644356594553,12.11644356594553,0.0,5.305781699639945,,,-19.668529501625777
CTA,T,water,False,False,13.251849962477527,13.251849962477527,0.0,4.808808444891225,,,-21.51162595851762
CTC,T,water,False,False,13.611682725583508,13.611682725583508,0.0,5.073404260328603,,,-22.095739710897334
CTG,T,water,False,False,12.46772638659283,12.46772638659283,0.0,3.8291200573600954,,,-20.238764198276762
CTT,T,water,False,False,13.197805279895698,13.197805279895698,0.0,5.678680732624986,,,-21.42389564161553
GCA,C,water,False,False,14.515659544650742,14.515659544650742,0.0,7.135955647215147,,,-23.563158317507437
GCC,C,water,False,False,14.380906886530862,14.380906886530862,0.0,6.853221819578979,,,-23.34441536564799
GCG,C,water,True,False,13.538784452577731,13.562708105142127,0.02392365256439689,8.387650795871414,0.9534115777911958,0.7742435217113779,-22.01623958681063
GCT,C,water,False,False,13.645581784078452,13.645581784078452,0.0,6.116161777383174,,,-22.15076779141092
GTA,T,water,False,False,12.590430684887561,12.590430684887561,0.0,4.098294623796365,,,-20.437949140446538
GTC,T,water,False,False,12.947110303882644,12.947110303882644,0.0,4.307011134311047,,,-21.016944418281263
GTG,T,water,False,False,11.964229265900599,11.964229265900599,0.0,3.0750937523400106,,,-19.42144120094508
GTT,T,water,False,False,12.850676472209022,12.850676472209022,0.0,5.112753809417485,,,-20.860404122203104
TCA,C,water,False,False,13.664348947493849,13.664348947493849,0.0,6.282155317175114,,,-22.181232383210368
TCC,C,water,False,False,13.497381058733986,13.497381058733986,0.0,6.038904970162492,,,-21.91019469562293
